Museum,City,Visitors
Louvre,"Paris, France",2600000
National Museum of China,"Beijing, China",2378000
Shanghai Science and Technology Museum,"Shanghai, China",2368000
China Science and Technology Museum,"Beijing, China",2360000
Russian Museum,"Saint Petersburg, Russia",2260231
Multimedia Art Museum,"Moscow, Russia",2242405
Shanghai Natural History Museum,"Shanghai, China",2166000
Nanjing Museum,"Nanjing, China",2034000
