Museum,City,Population,Visitors
Louvre,"Paris, France",11020000.0,2600000
National Museum of China,"Beijing, China",19433000.0,2378000
China Science and Technology Museum,"Beijing, China",19433000.0,2360000
Shanghai Science and Technology Museum,"Shanghai, China",22120000.0,2368000
Shanghai Natural History Museum,"Shanghai, China",22120000.0,2166000
Russian Museum,"Saint Petersburg, Russia",5351935.0,2260231
Multimedia Art Museum,"Moscow, Russia",17125000.0,2242405
Nanjing Museum,"Nanjing, China",7496000.0,2034000
